{
	"Areas": [
		{
			"AreaName": "misty-spawn-ski-r",
			"Type": "SpookyArea",
			"TriggerType": "SpookyTrigger",
			"Data": {
				"Pos": [
					562,
					0,
					11127
				],
				"Radius": 120,
				"PosHeight": 30,
				"NegHeight": 130,
				"InnerRingCount": 2,
				"InnerPartDist": 50,
				"OuterRingToggle": 1,
				"OuterPartDist": 50,
				"OuterOffset": 0,
				"VerticalLayers": 0,
				"VerticalOffset": 0,
				"ParticleName": "graphics/particles/spooky_mist"
			},
			"PlayerData": {
				"AroundPartName": "",
				"TinyPartName": "",
				"PPERequesterType": ""
			}
		}
	]
}