<?xml version="1.0" encoding="UTF-8"?>
<territory-type>
    <territory>
	<!-- 
	Add the folloewing below codes into the correct group they belong ...
	For E.g InfectedSolitude you will add this line into the same group all other codes of the same name type are aka InfectedSolitude
	-->
	
	
	<!-- SKI RESORT -->
        <zone name="InfectedPrisoner" smin="0" smax="0" dmin="8" dmax="12" x="425.22" z="11165.42" r="60"/>
	<!-- SKI RESORT -->
		
		
		
		
		
	<!-- SKI RESORT -->
        <zone name="InfectedPolice" smin="0" smax="0" dmin="3" dmax="5" x="526.82" z="11032.23" r="60"/>
	<!-- SKI RESORT -->
	
	
	
	
	
	<!-- SKI RESORT -->
        <zone name="InfectedSolitude" smin="0" smax="0" dmin="2" dmax="4" x="593.41" z="11157.64" r="100"/>
        <zone name="InfectedSolitude" smin="0" smax="0" dmin="2" dmax="4" x="470.92" z="11074.03" r="100"/>
        <zone name="InfectedSolitude" smin="0" smax="0" dmin="2" dmax="4" x="532.65" z="11175.14" r="100"/>
        <zone name="InfectedSolitude" smin="0" smax="0" dmin="2" dmax="4" x="555.99" z="11019.10" r="100"/>
	<!-- SKI RESORT -->
		
		
		
		
		
	<!-- SKI RESORT -->
        <zone name="InfectedArmy" smin="0" smax="0" dmin="7" dmax="10" x="454.39" z="11114.86" r="40"/>
        <zone name="InfectedArmyHard" smin="0" smax="0" dmin="9" dmax="13" x="480.15" z="11138.20" r="30"/>
	<!-- SKI RESORT -->
		
		
		
		
		
		
		
    </territory>
</territory-type>
